{"train/loss_rpn_cls": 0.0616291817475576, "train/loss_rpn_bbox": 0.015767298858845605, "train/loss_cls": 0.7606397372484207, "train/acc": 88.4921875, "train/loss_bbox": 0.22508797120302915, "train/loss": 1.063124194741249, "learning_rate": 9.757729755661011e-05, "momentum": 0.9, "_timestamp": 1648807983, "_runtime": 19535, "_step": 20390, "val/bbox_mAP": 0.32, "val/bbox_mAP_50": 0.484, "val/bbox_mAP_75": 0.37, "val/bbox_mAP_s": 0.008, "val/bbox_mAP_m": 0.047, "val/bbox_mAP_l": 0.388, "_wandb": {"runtime": 19577}}