{"train/loss_rpn_cls": 0.05675777211785316, "train/loss_rpn_bbox": 0.04365429129451513, "train/s0.loss_cls": 0.3025684921443462, "train/s0.acc": 90.76171875, "train/s0.loss_bbox": 0.17484314318746327, "train/s1.loss_cls": 0.13596934594213964, "train/s1.acc": 91.83971206665039, "train/s1.loss_bbox": 0.14052632678300142, "train/s2.loss_cls": 0.058867662381380796, "train/s2.acc": 92.70105361938477, "train/s2.loss_bbox": 0.06462429026141762, "train/loss": 0.9778113135695458, "train/grad_norm": 7.457072038650512, "learning_rate": 5e-05, "momentum": 0.9, "_timestamp": 1648712114, "_runtime": 1429, "_step": 2000, "_wandb": {"runtime": 1450}}