{"train/loss_rpn_cls": 0.05630398560315371, "train/loss_rpn_bbox": 0.029059601817280054, "train/s0.loss_cls": 0.29678714513778687, "train/s0.acc": 92.033203125, "train/s0.loss_bbox": 0.15941137673333286, "train/s1.loss_cls": 0.12812525689601897, "train/s1.acc": 92.955078125, "train/s1.loss_bbox": 0.11045843789353967, "train/s2.loss_cls": 0.05305509861558676, "train/s2.acc": 94.337890625, "train/s2.loss_bbox": 0.04477385532110929, "train/loss": 0.8779747632145881, "train/grad_norm": 5.330023007392883, "learning_rate": 5e-05, "momentum": 0.9, "_timestamp": 1648712789, "_runtime": 431, "_step": 600}