{"train/loss_cls": 0.19307853266596794, "train/loss_bbox": 0.24570139355957507, "train/loss_centerness": 0.5964331233501434, "train/loss": 1.0352130389213563, "learning_rate": 1.0000000000000002e-06, "momentum": 0.9, "_timestamp": 1648689013, "_runtime": 36275, "_step": 47600, "val/bbox_mAP": 0.271, "val/bbox_mAP_50": 0.388, "val/bbox_mAP_75": 0.281, "val/bbox_mAP_s": 0.007, "val/bbox_mAP_m": 0.048, "val/bbox_mAP_l": 0.33}