{"train/loss_cls": 0.7340242266654968, "train/loss_bbox": 3.3950323724746703, "train/loss": 4.129056596755982, "train/grad_norm": 0.4897382497787476, "learning_rate": 0.01, "momentum": 0.9, "_timestamp": 1648723828, "_runtime": 3084, "_step": 6088, "val/bbox_mAP": 0.0, "val/bbox_mAP_50": 0.0, "val/bbox_mAP_75": 0.0, "val/bbox_mAP_s": 0.0, "val/bbox_mAP_m": 0.0, "val/bbox_mAP_l": 0.0, "_wandb": {"runtime": 3092}}