{"train/loss_cls": 1.1790713346004487, "train/loss_bbox": 0.5211807054281234, "train/loss_bbox_rf": 0.6630516791343689, "train/loss": 2.3633037114143374, "train/grad_norm": 14.220712356567383, "learning_rate": 0.0002, "momentum": 0.9, "_timestamp": 1648700973, "_runtime": 4760, "_step": 7687, "val/bbox_mAP": 0.016, "val/bbox_mAP_50": 0.033, "val/bbox_mAP_75": 0.015, "val/bbox_mAP_s": 0.0, "val/bbox_mAP_m": 0.0, "val/bbox_mAP_l": 0.02, "_wandb": {"runtime": 4785}}