{"train/loss_cls": 0.9893772721290588, "train/loss_bbox": 0.723288106918335, "train/loss_bbox_rf": 0.9575820815563202, "train/loss": 2.6702474689483644, "train/grad_norm": 1.0770581090450286, "learning_rate": 0.01, "momentum": 0.9, "_timestamp": 1648695892, "_runtime": 1319, "_step": 2079, "val/bbox_mAP": 0.001, "val/bbox_mAP_50": 0.006, "val/bbox_mAP_75": 0.0, "val/bbox_mAP_s": 0.0, "val/bbox_mAP_m": 0.0, "val/bbox_mAP_l": 0.002, "_wandb": {"runtime": 1344}}