{"train/loss_cls": 0.7994692707061768, "train/loss_bbox": 3.4892112588882447, "train/loss": 4.288680553436279, "train/grad_norm": 0.9385147190093994, "learning_rate": 0.01, "momentum": 0.9, "_timestamp": 1648719541, "_runtime": 1233, "_step": 2429, "val/bbox_mAP": 0.0, "val/bbox_mAP_50": 0.0, "val/bbox_mAP_75": 0.0, "val/bbox_mAP_s": 0.0, "val/bbox_mAP_m": 0.0, "val/bbox_mAP_l": 0.0, "_wandb": {"runtime": 1249}}