{"train/loss_rpn_cls": 0.004521162259400171, "train/loss_rpn_bbox": 0.012719627264305018, "train/s0.loss_cls": 0.0673247513268143, "train/s0.acc": 97.4921875, "train/s0.loss_bbox": 0.041615329342894254, "train/s1.loss_cls": 0.023434260560316035, "train/s1.acc": 98.33979537963867, "train/s1.loss_bbox": 0.042590254941023885, "train/s2.loss_cls": 0.010542764735873789, "train/s2.acc": 98.51318725585938, "train/s2.loss_bbox": 0.03289968464057893, "train/loss": 0.235647835675627, "train/grad_norm": 4.285885143280029, "learning_rate": 1.2500262500000007e-05, "momentum": 0.9, "_timestamp": 1648888631, "_runtime": 11029, "_step": 20440, "val/bbox_mAP": 0.482, "val/bbox_mAP_50": 0.639, "val/bbox_mAP_75": 0.525, "val/bbox_mAP_s": 0.002, "val/bbox_mAP_m": 0.09, "val/bbox_mAP_l": 0.574, "_wandb": {"runtime": 11039}}