{"train/loss_rpn_cls": 0.06133064785040915, "train/loss_rpn_bbox": 0.03128442717017606, "train/s0.loss_cls": 0.25635330989956856, "train/s0.acc": 92.84765625, "train/s0.loss_bbox": 0.20478144265711307, "train/s1.loss_cls": 0.12825719200074673, "train/s1.acc": 92.40760925292969, "train/s1.loss_bbox": 0.08267315868288279, "train/s2.loss_cls": 0.059812730625271794, "train/s2.acc": 92.95351913452149, "train/s2.loss_bbox": 0.029285475071519615, "train/loss": 0.8537783771753311, "learning_rate": 1.6470859999999992e-05, "momentum": 0.9, "_timestamp": 1648624834, "_runtime": 9553, "_step": 18961, "val/bbox_mAP": 0.109, "val/bbox_mAP_50": 0.171, "val/bbox_mAP_75": 0.115, "val/bbox_mAP_s": 0.0, "val/bbox_mAP_m": 0.005, "val/bbox_mAP_l": 0.135, "_wandb": {"runtime": 9574}}