{"train/loss_rpn_cls": 0.577187619805336, "train/loss_rpn_bbox": 0.04201949990121648, "train/s0.loss_cls": 1.031675010919571, "train/s0.acc": 80.9375, "train/s0.loss_bbox": 0.1587863050121814, "train/s1.loss_cls": 0.4374866702407598, "train/s1.acc": 90.0390625, "train/s1.loss_bbox": 0.02120345993200317, "train/s2.loss_cls": 0.23871301712468265, "train/s2.acc": 80.541015625, "train/s2.loss_bbox": 0.0023462629027199, "train/loss": 2.509417839050293, "learning_rate": 1.6290009957199982e-06, "momentum": 0.9, "_timestamp": 1648625872, "_runtime": 32, "_step": 50, "_wandb": {"runtime": 34}}