{"train/loss_cls": 25.000000076293944, "train/loss_bbox": 1.1474618995189667, "train/loss": 26.14746196746826, "learning_rate": 0.00975528260594751, "momentum": 0.9, "_timestamp": 1648717012, "_runtime": 2042, "_step": 2180, "val/bbox_mAP": 0.025, "val/bbox_mAP_50": 0.047, "val/bbox_mAP_75": 0.024, "val/bbox_mAP_s": 0.0, "val/bbox_mAP_m": 0.002, "val/bbox_mAP_l": 0.031, "_wandb": {"runtime": 2056}}