{"train/loss_rpn_cls": 0.6007286876440048, "train/loss_rpn_bbox": 0.03318610465154052, "train/s0.loss_cls": 1.0436872412264346, "train/s0.acc": 77.509765625, "train/s0.loss_bbox": 0.0863230613223277, "train/s1.loss_cls": 0.4983989092335105, "train/s1.acc": 78.939453125, "train/s1.loss_bbox": 0.01228383847977966, "train/s2.loss_cls": 0.25621628113090994, "train/s2.acc": 77.6640625, "train/s2.loss_bbox": 0.0014620561170158907, "train/loss": 2.532286217212677, "learning_rate": 1.6290009957199982e-06, "momentum": 0.9, "_timestamp": 1648615044, "_runtime": 31, "_step": 50, "_wandb": {"runtime": 33}}