{"train/loss_rpn_cls": 0.00632862764847232, "train/loss_rpn_bbox": 0.010892784597817808, "train/s0.loss_cls": 0.06366716846358031, "train/s0.acc": 97.58984375, "train/s0.loss_bbox": 0.04654096722370014, "train/s1.loss_cls": 0.0254903278243728, "train/s1.acc": 98.12164245605469, "train/s1.loss_bbox": 0.04589932821691036, "train/s2.loss_cls": 0.013200055000488646, "train/s2.acc": 98.02526336669922, "train/s2.loss_bbox": 0.029908143436769022, "train/loss": 0.24192739684134723, "train/grad_norm": 5.247046822309494, "learning_rate": 5.466561574849863e-07, "momentum": 0.9, "_timestamp": 1648777644, "_runtime": 40007, "_step": 52400, "val/bbox_mAP": 0.453, "val/bbox_mAP_50": 0.608, "val/bbox_mAP_75": 0.473, "val/bbox_mAP_s": 0.005, "val/bbox_mAP_m": 0.055, "val/bbox_mAP_l": 0.539, "_wandb": {"runtime": 40035}}