{"train/loss_rpn_cls": 0.012082914066013473, "train/loss_rpn_bbox": 0.011851216670766006, "train/s0.loss_cls": 0.06981290683150292, "train/s0.acc": 97.4296875, "train/s0.loss_bbox": 0.04841070921858773, "train/s1.loss_cls": 0.027545838438381907, "train/s1.acc": 97.9647233581543, "train/s1.loss_bbox": 0.04556565236183815, "train/s2.loss_cls": 0.012758072827709839, "train/s2.acc": 98.22362762451172, "train/s2.loss_bbox": 0.02902991398703307, "train/loss": 0.25705722710117695, "train/grad_norm": 4.989009394645691, "learning_rate": 2.1422696850548088e-07, "momentum": 0.9, "_timestamp": 1649210400, "_runtime": 37373, "_step": 46801, "val/bbox_mAP": 0.412, "val/bbox_mAP_50": 0.556, "val/bbox_mAP_75": 0.438, "val/bbox_mAP_s": 0.001, "val/bbox_mAP_m": 0.058, "val/bbox_mAP_l": 0.505, "_wandb": {"runtime": 37376}}