{"train/loss_rpn_cls": 0.18283791616559028, "train/loss_rpn_bbox": 0.03611883704550564, "train/s0.loss_cls": 0.2693171615898609, "train/s0.acc": 94.828125, "train/s0.loss_bbox": 0.10747401714324951, "train/s1.loss_cls": 0.08440370198339224, "train/s1.acc": 97.14453125, "train/s1.loss_bbox": 0.04506819275207818, "train/s2.loss_cls": 0.026028557633981108, "train/s2.acc": 98.51171875, "train/s2.loss_bbox": 0.008679979634434858, "train/loss": 0.759928360581398, "learning_rate": 3.99601e-05, "momentum": 0.9, "_timestamp": 1648627024, "_runtime": 97, "_step": 400, "_wandb": {"runtime": 102}}