{"train/loss_rpn_cls": 0.17904663905501367, "train/loss_rpn_bbox": 0.04417213835287839, "train/s0.loss_cls": 0.30703275471925734, "train/s0.acc": 93.705078125, "train/s0.loss_bbox": 0.12197303425520659, "train/s1.loss_cls": 0.11310618206858634, "train/s1.acc": 95.439453125, "train/s1.loss_bbox": 0.0672625968232751, "train/s2.loss_cls": 0.03948899962007999, "train/s2.acc": 96.9453125, "train/s2.loss_bbox": 0.020083620625300683, "train/loss": 0.8921659570932389, "learning_rate": 0.0001, "momentum": 0.9, "_timestamp": 1648627662, "_runtime": 541, "_step": 2179, "val/bbox_mAP": 0.014, "val/bbox_mAP_50": 0.031, "val/bbox_mAP_75": 0.011, "val/bbox_mAP_s": 0.0, "val/bbox_mAP_m": 0.0, "val/bbox_mAP_l": 0.016, "_wandb": {"runtime": 545}}