{"train/loss_rpn_cls": 0.6643137085437775, "train/loss_rpn_bbox": 0.03745304647833109, "train/s0.loss_cls": 1.3948263150453568, "train/s0.acc": 64.376953125, "train/s0.loss_bbox": 0.023774035070232458, "train/s1.loss_cls": 0.5997578421235085, "train/s1.acc": 78.013671875, "train/s1.loss_bbox": 0.008402700528311016, "train/s2.loss_cls": 0.3554729376733303, "train/s2.acc": 61.3671875, "train/s2.loss_bbox": 0.0012324808930259223, "train/loss": 3.0852330994606016, "learning_rate": 4.995100000000008e-06, "momentum": 0.9, "_timestamp": 1649171229, "_runtime": 30, "_step": 50, "_wandb": {"runtime": 49}}