{"train/loss_rpn_cls": 0.002273306257632157, "train/loss_rpn_bbox": 0.005577671903884038, "train/s0.loss_cls": 0.027089871233329177, "train/s0.acc": 98.890625, "train/s0.loss_bbox": 0.01711905882693827, "train/s1.loss_cls": 0.006818194786319509, "train/s1.acc": 99.44704467773437, "train/s1.loss_bbox": 0.014972526491619646, "train/s2.loss_cls": 0.0031049557148435268, "train/s2.acc": 99.50810501098633, "train/s2.loss_bbox": 0.011942496026749723, "train/loss": 0.08889808041974902, "train/grad_norm": 2.4222605431079867, "learning_rate": 2.1422696850548088e-07, "momentum": 0.9, "_timestamp": 1648816014, "_runtime": 25099, "_step": 46777, "val/bbox_mAP": 0.46, "val/bbox_mAP_50": 0.617, "val/bbox_mAP_75": 0.496, "val/bbox_mAP_s": 0.015, "val/bbox_mAP_m": 0.169, "val/bbox_mAP_l": 0.544, "_wandb": {"runtime": 25101}}