{"train/loss_rpn_cls": 0.015394557329709641, "train/loss_rpn_bbox": 0.014134558060904965, "train/s0.loss_cls": 0.08446286618709564, "train/s0.acc": 96.92578125, "train/s0.loss_bbox": 0.0594201670284383, "train/s1.loss_cls": 0.03627665240317583, "train/s1.acc": 97.42297653198243, "train/s1.loss_bbox": 0.0597913316055201, "train/s2.loss_cls": 0.017557663920742924, "train/s2.acc": 97.45609451293946, "train/s2.loss_bbox": 0.039966952978866176, "train/loss": 0.3270047489181161, "train/grad_norm": 5.283349628448486, "learning_rate": 5.466561574849863e-07, "momentum": 0.9, "_timestamp": 1648736169, "_runtime": 22794, "_step": 30436, "val/bbox_mAP": 0.484, "val/bbox_mAP_50": 0.644, "val/bbox_mAP_75": 0.52, "val/bbox_mAP_s": 0.01, "val/bbox_mAP_m": 0.072, "val/bbox_mAP_l": 0.58, "_wandb": {"runtime": 22796}}