{"train/loss_cls": 0.23698403283953667, "train/loss_bbox": 0.2705497064441442, "train/loss_centerness": 0.5978413105010987, "train/loss": 1.1053750550746917, "learning_rate": 1e-05, "momentum": 0.9, "_timestamp": 1648647931, "_runtime": 14652, "_step": 20291, "val/bbox_mAP": 0.284, "val/bbox_mAP_50": 0.388, "val/bbox_mAP_75": 0.304, "val/bbox_mAP_s": 0.0, "val/bbox_mAP_m": 0.039, "val/bbox_mAP_l": 0.344, "_wandb": {"runtime": 14654}}