{"train/loss_rpn_cls": 0.5267914807796479, "train/loss_rpn_bbox": 0.04199012067168951, "train/s0.loss_cls": 0.597112555205822, "train/s0.acc": 88.552734375, "train/s0.loss_bbox": 0.07773494563223267, "train/s1.loss_cls": 0.23495012391358613, "train/s1.acc": 94.171875, "train/s1.loss_bbox": 0.021235489583573325, "train/s2.loss_cls": 0.12258941849693655, "train/s2.acc": 91.826171875, "train/s2.loss_bbox": 0.0038268307373846254, "train/loss": 1.626230947971344, "train/grad_norm": 15.744711065292359, "learning_rate": 1.235e-05, "momentum": 0.9, "_timestamp": 1648827121, "_runtime": 56, "_step": 50, "_wandb": {"runtime": 73}}