{"train/loss_rpn_cls": 0.007845642927013613, "train/loss_rpn_bbox": 0.013931510375696234, "train/s0.loss_cls": 0.0673867723532021, "train/s0.acc": 97.439453125, "train/s0.loss_bbox": 0.045462915915995834, "train/s1.loss_cls": 0.024471437616739422, "train/s1.acc": 98.15594146728516, "train/s1.loss_bbox": 0.049111920258728785, "train/s2.loss_cls": 0.01120979025181441, "train/s2.acc": 98.44242477416992, "train/s2.loss_bbox": 0.03365143733099103, "train/loss": 0.25307143151760103, "train/grad_norm": 4.58359782576561, "learning_rate": 1.9033483661360212e-06, "momentum": 0.9, "_timestamp": 1648871373, "_runtime": 43973, "_step": 41100, "val/bbox_mAP": 0.465, "val/bbox_mAP_50": 0.616, "val/bbox_mAP_75": 0.487, "val/bbox_mAP_s": 0.024, "val/bbox_mAP_m": 0.077, "val/bbox_mAP_l": 0.562, "_wandb": {"runtime": 43980}}