{"train/loss_rpn_cls": 0.003638620371420984, "train/loss_rpn_bbox": 0.017067040221299977, "train/loss_cls": 0.13775621604174376, "train/acc": 97.421875, "train/loss_bbox": 0.05410448201000691, "train/loss": 0.21256635703146456, "learning_rate": 1.54982143312659e-05, "momentum": 0.9, "_timestamp": 1648740776, "_runtime": 12557, "_step": 31035, "val/bbox_mAP": 0.312, "val/bbox_mAP_50": 0.443, "val/bbox_mAP_75": 0.338, "val/bbox_mAP_s": 0.0, "val/bbox_mAP_m": 0.031, "val/bbox_mAP_l": 0.38, "_wandb": {"runtime": 12565}}