{"train/loss_rpn_cls": 0.004524479642659571, "train/loss_rpn_bbox": 0.009012700802704785, "train/s0.loss_cls": 0.05147488635033369, "train/s0.acc": 97.990234375, "train/s0.loss_bbox": 0.03692036246415228, "train/s1.loss_cls": 0.016997453604708425, "train/s1.acc": 98.69818588256835, "train/s1.loss_bbox": 0.03502221746253781, "train/s2.loss_cls": 0.007684128391556442, "train/s2.acc": 98.88529846191406, "train/s2.loss_bbox": 0.0260292416845914, "train/loss": 0.1876654707454145, "train/grad_norm": 3.5101209557056428, "learning_rate": 1.2239285275115133e-06, "momentum": 0.9, "_timestamp": 1648788899, "_runtime": 10530, "_step": 19891, "val/bbox_mAP": 0.472, "val/bbox_mAP_50": 0.648, "val/bbox_mAP_75": 0.516, "val/bbox_mAP_s": 0.018, "val/bbox_mAP_m": 0.14, "val/bbox_mAP_l": 0.547, "_wandb": {"runtime": 10532}}