{"train/loss_rpn_cls": 0.09142906864173711, "train/loss_rpn_bbox": 0.037773890793323515, "train/s0.loss_cls": 0.32995982944965363, "train/s0.acc": 91.423828125, "train/s0.loss_bbox": 0.24405311912298203, "train/s1.loss_cls": 0.15903430581092834, "train/s1.acc": 91.6410073852539, "train/s1.loss_bbox": 0.09463744753971697, "train/s2.loss_cls": 0.0686482216231525, "train/s2.acc": 92.75192993164063, "train/s2.loss_bbox": 0.031044206796213985, "train/loss": 1.056580082178116, "learning_rate": 1.6470859999999992e-05, "momentum": 0.9, "_timestamp": 1648614800, "_runtime": 12337, "_step": 24349, "val/bbox_mAP": 0.087, "val/bbox_mAP_50": 0.14, "val/bbox_mAP_75": 0.092, "val/bbox_mAP_s": 0.0, "val/bbox_mAP_m": 0.002, "val/bbox_mAP_l": 0.108, "_wandb": {"runtime": 12340}}