{"train/loss_rpn_cls": 0.0039616103279604435, "train/loss_rpn_bbox": 0.007038779177237302, "train/s0.loss_cls": 0.049505924535915256, "train/s0.acc": 98.08203125, "train/s0.loss_bbox": 0.029017169082071633, "train/s1.loss_cls": 0.017822375572286546, "train/s1.acc": 98.76232727050781, "train/s1.loss_bbox": 0.02922229928371962, "train/s2.loss_cls": 0.00861724381291424, "train/s2.acc": 98.6864924621582, "train/s2.loss_bbox": 0.021901086687576024, "train/loss": 0.16708648653700947, "train/grad_norm": 3.4487112236022948, "learning_rate": 4.7748917186003325e-06, "momentum": 0.9, "_timestamp": 1648911192, "_runtime": 22100, "_step": 25298, "val/bbox_mAP": 0.452, "val/bbox_mAP_50": 0.612, "val/bbox_mAP_75": 0.492, "val/bbox_mAP_s": 0.0, "val/bbox_mAP_m": 0.061, "val/bbox_mAP_l": 0.544, "_wandb": {"runtime": 22129}}