{"train/loss_cls": 1.2246451961994171, "train/loss_bbox": 0.5443920814990997, "train/loss_bbox_rf": 0.6949655127525329, "train/loss": 2.4640027928352355, "learning_rate": 9.990133652007716e-05, "momentum": 0.9, "_timestamp": 1648654496, "_runtime": 2425, "_step": 3179, "val/bbox_mAP": 0.01, "val/bbox_mAP_50": 0.023, "val/bbox_mAP_75": 0.008, "val/bbox_mAP_s": 0.0, "val/bbox_mAP_m": 0.0, "val/bbox_mAP_l": 0.013, "_wandb": {"runtime": 2434}}