{"train/loss_cls": 1.0888381588459015, "train/loss_bbox": 0.6794509369134903, "train/loss_bbox_rf": 0.883818439245224, "train/loss": 2.6521075344085694, "train/grad_norm": 1.0999220359325408, "learning_rate": 0.01, "momentum": 0.9, "_timestamp": 1648694513, "_runtime": 1320, "_step": 2279, "val/bbox_mAP": 0.002, "val/bbox_mAP_50": 0.007, "val/bbox_mAP_75": 0.0, "val/bbox_mAP_s": 0.0, "val/bbox_mAP_m": 0.0, "val/bbox_mAP_l": 0.002, "_wandb": {"runtime": 1325}}