{"train/loss_cls": 1.2524191665649413, "train/loss_bbox": 0.4059077745676041, "train/loss_bbox_rf": 0.506038587987423, "train/loss": 2.164365530014038, "learning_rate": 0.0002, "momentum": 0.9, "_timestamp": 1648713661, "_runtime": 12258, "_step": 19411, "val/bbox_mAP": 0.032, "val/bbox_mAP_50": 0.058, "val/bbox_mAP_75": 0.032, "val/bbox_mAP_s": 0.0, "val/bbox_mAP_m": 0.002, "val/bbox_mAP_l": 0.041, "_wandb": {"runtime": 12278}}