{"train/loss_rpn_cls": 0.2189486037194729, "train/loss_rpn_bbox": 0.05767872645519674, "train/s0.loss_cls": 0.34641755059361456, "train/s0.acc": 92.693359375, "train/s0.loss_bbox": 0.26249775409698484, "train/s1.loss_cls": 0.11253378089517355, "train/s1.acc": 95.732421875, "train/s1.loss_bbox": 0.05342341849580407, "train/s2.loss_cls": 0.03324795052409172, "train/s2.acc": 97.794921875, "train/s2.loss_bbox": 0.007051373479771428, "train/loss": 1.0917991483211518, "learning_rate": 1.6470859999999992e-05, "momentum": 0.9, "_timestamp": 1648576181, "_runtime": 537, "_step": 1150, "_wandb": {"runtime": 549}}