{"train/loss_rpn_cls": 0.5313582301139832, "train/loss_rpn_bbox": 0.04162572593893856, "train/s0.loss_cls": 0.6616599503159523, "train/s0.acc": 87.853515625, "train/s0.loss_bbox": 0.08976431559771299, "train/s1.loss_cls": 0.21569583244621754, "train/s1.acc": 95.244140625, "train/s1.loss_bbox": 0.026564353526973717, "train/s2.loss_cls": 0.17623062767088413, "train/s2.acc": 84.662109375, "train/s2.loss_bbox": 0.003186411347393232, "train/loss": 1.7460854476690293, "train/grad_norm": 13.946797666549683, "learning_rate": 1.235e-05, "momentum": 0.9, "_timestamp": 1648926225, "_runtime": 43, "_step": 50, "_wandb": {"runtime": 47}}