{"train/loss_rpn_cls": 0.0597317484128871, "train/loss_rpn_bbox": 0.07810341713018715, "train/loss_cls": 0.5637225449085236, "train/acc": 90.99609375, "train/loss_bbox": 0.22162350170314313, "train/loss": 0.9231812109053135, "learning_rate": 8.864040551740158e-05, "momentum": 0.9, "_timestamp": 1648788248, "_runtime": 44920, "_step": 46988, "val/bbox_mAP": 0.287, "val/bbox_mAP_50": 0.509, "val/bbox_mAP_75": 0.297, "val/bbox_mAP_s": 0.001, "val/bbox_mAP_m": 0.047, "val/bbox_mAP_l": 0.343, "_wandb": {"runtime": 44932}}