{"train/loss_rpn_cls": 0.09613237462937832, "train/loss_rpn_bbox": 0.043132591885514555, "train/s0.loss_cls": 0.35406442306935787, "train/s0.acc": 91.39453125, "train/s0.loss_bbox": 0.18950935278087855, "train/s1.loss_cls": 0.12905492171645164, "train/s1.acc": 94.037109375, "train/s1.loss_bbox": 0.10321167403832078, "train/s2.loss_cls": 0.03835070568136871, "train/s2.acc": 96.89453125, "train/s2.loss_bbox": 0.02280834532342851, "train/loss": 0.9762643912434578, "train/grad_norm": 5.7040208721160885, "learning_rate": 5e-05, "momentum": 0.9, "_timestamp": 1648790820, "_runtime": 177, "_step": 350, "_wandb": {"runtime": 194}}