{"train/loss_cls": 0.7172276413440705, "train/loss_bbox": 0.9523468220233917, "train/loss_centerness": 0.6408528923988343, "train/loss": 2.310427339076996, "learning_rate": 0.01, "momentum": 0.9, "_timestamp": 1648632030, "_runtime": 2507, "_step": 3829, "val/bbox_mAP": 0.015, "val/bbox_mAP_50": 0.035, "val/bbox_mAP_75": 0.009, "val/bbox_mAP_s": 0.0, "val/bbox_mAP_m": 0.0, "val/bbox_mAP_l": 0.018, "_wandb": {"runtime": 2535}}