{"train/loss_rpn_cls": 0.01101615733728977, "train/loss_rpn_bbox": 0.011400762856937944, "train/s0.loss_cls": 0.075461330069229, "train/s0.acc": 97.263671875, "train/s0.loss_bbox": 0.04605715196579695, "train/s1.loss_cls": 0.03226072557270527, "train/s1.acc": 97.77175216674804, "train/s1.loss_bbox": 0.051340332583058625, "train/s2.loss_cls": 0.015030145721975714, "train/s2.acc": 97.90248229980469, "train/s2.loss_bbox": 0.03580431832466274, "train/loss": 0.2783709232322872, "train/grad_norm": 4.465887950658798, "learning_rate": 5.466561574849863e-07, "momentum": 0.9, "_timestamp": 1648946524, "_runtime": 20052, "_step": 27751, "val/bbox_mAP": 0.454, "val/bbox_mAP_50": 0.609, "val/bbox_mAP_75": 0.481, "val/bbox_mAP_s": 0.009, "val/bbox_mAP_m": 0.072, "val/bbox_mAP_l": 0.535, "_wandb": {"runtime": 20054}}