{"train/loss_rpn_cls": 0.04581205236725509, "train/loss_rpn_bbox": 0.028460733136162163, "train/s0.loss_cls": 0.27272523030638696, "train/s0.acc": 92.3046875, "train/s0.loss_bbox": 0.12805147083476187, "train/s1.loss_cls": 0.12729443721473216, "train/s1.acc": 92.6292204284668, "train/s1.loss_bbox": 0.10946370184421539, "train/s2.loss_cls": 0.05520246565341949, "train/s2.acc": 93.65339508056641, "train/s2.loss_bbox": 0.051343802716583016, "train/loss": 0.8183539029955864, "train/grad_norm": 6.613564779758454, "learning_rate": 4.9786123031494525e-05, "momentum": 0.9, "_timestamp": 1649172389, "_runtime": 1006, "_step": 2150, "val/bbox_mAP": 0.136, "val/bbox_mAP_50": 0.258, "val/bbox_mAP_75": 0.128, "val/bbox_mAP_s": 0.0, "val/bbox_mAP_m": 0.007, "val/bbox_mAP_l": 0.174, "_wandb": {"runtime": 1011}}