{"train/loss_rpn_cls": 0.0220717693422921, "train/loss_rpn_bbox": 0.021103140751365573, "train/s0.loss_cls": 0.20239894274622203, "train/s0.acc": 93.564453125, "train/s0.loss_bbox": 0.09462083503603935, "train/s1.loss_cls": 0.09743117459118367, "train/s1.acc": 93.53422088623047, "train/s1.loss_bbox": 0.09528233118355274, "train/s2.loss_cls": 0.04773827716708183, "train/s2.acc": 93.49662475585937, "train/s2.loss_bbox": 0.05963512854650617, "train/loss": 0.6402815915644169, "train/grad_norm": 7.383842992782593, "learning_rate": 4.783865157060993e-05, "momentum": 0.9, "_timestamp": 1648877208, "_runtime": 4979, "_step": 4708, "val/bbox_mAP": 0.383, "val/bbox_mAP_50": 0.55, "val/bbox_mAP_75": 0.428, "val/bbox_mAP_s": 0.001, "val/bbox_mAP_m": 0.044, "val/bbox_mAP_l": 0.465, "_wandb": {"runtime": 5008}}